{
    "test_mse": 0.0028015447314828634,
    "average_psnr": 25.051337321586736,
    "average_ssim": 0.6923396929284675
}